{
    "name": "root",
    "gauges": {
        "ColorFinder.Policy.Entropy.mean": {
            "value": 1.4101663827896118,
            "min": 1.4099303483963013,
            "max": 1.4282702207565308,
            "count": 77
        },
        "ColorFinder.Policy.Entropy.sum": {
            "value": 2797.77001953125,
            "min": 2778.634033203125,
            "max": 2920.57275390625,
            "count": 77
        },
        "ColorFinder.Environment.EpisodeLength.mean": {
            "value": 1184.0,
            "min": 0.0,
            "max": 24775.0,
            "count": 26
        },
        "ColorFinder.Environment.EpisodeLength.sum": {
            "value": 2368.0,
            "min": 0.0,
            "max": 24775.0,
            "count": 26
        },
        "ColorFinder.Step.mean": {
            "value": 153939.0,
            "min": 1985.0,
            "max": 153939.0,
            "count": 77
        },
        "ColorFinder.Step.sum": {
            "value": 153939.0,
            "min": 1985.0,
            "max": 153939.0,
            "count": 77
        },
        "ColorFinder.Policy.ExtrinsicValueEstimate.mean": {
            "value": -0.07707082480192184,
            "min": -0.23500651121139526,
            "max": 0.08585506677627563,
            "count": 77
        },
        "ColorFinder.Policy.ExtrinsicValueEstimate.sum": {
            "value": -2.389195680618286,
            "min": -7.2852020263671875,
            "max": 2.7473621368408203,
            "count": 77
        },
        "ColorFinder.Environment.CumulativeReward.mean": {
            "value": -1.1840000599622726,
            "min": -23.81300114095211,
            "max": 0.8076666593551636,
            "count": 26
        },
        "ColorFinder.Environment.CumulativeReward.sum": {
            "value": -2.3680001199245453,
            "min": -26.166000679135323,
            "max": 2.4229999780654907,
            "count": 26
        },
        "ColorFinder.Policy.ExtrinsicReward.mean": {
            "value": -1.1840000599622726,
            "min": -23.81300114095211,
            "max": 0.8076666593551636,
            "count": 26
        },
        "ColorFinder.Policy.ExtrinsicReward.sum": {
            "value": -2.3680001199245453,
            "min": -26.166000679135323,
            "max": 2.4229999780654907,
            "count": 26
        },
        "ColorFinder.IsTraining.mean": {
            "value": 1.0,
            "min": 1.0,
            "max": 1.0,
            "count": 77
        },
        "ColorFinder.IsTraining.sum": {
            "value": 1.0,
            "min": 1.0,
            "max": 1.0,
            "count": 77
        },
        "ColorFinder.Losses.PolicyLoss.mean": {
            "value": 0.05822373218446349,
            "min": 0.041231123701436445,
            "max": 0.08361030121644338,
            "count": 73
        },
        "ColorFinder.Losses.PolicyLoss.sum": {
            "value": 0.05822373218446349,
            "min": 0.041231123701436445,
            "max": 0.08361030121644338,
            "count": 73
        },
        "ColorFinder.Losses.ValueLoss.mean": {
            "value": 2.4918148871696153e-06,
            "min": 2.4918148871696153e-06,
            "max": 0.025070987195552636,
            "count": 73
        },
        "ColorFinder.Losses.ValueLoss.sum": {
            "value": 2.4918148871696153e-06,
            "min": 2.4918148871696153e-06,
            "max": 0.025070987195552636,
            "count": 73
        },
        "ColorFinder.Policy.LearningRate.mean": {
            "value": 0.0002080974306342,
            "min": 0.0002080974306342,
            "max": 0.0002987706004097999,
            "count": 73
        },
        "ColorFinder.Policy.LearningRate.sum": {
            "value": 0.0002080974306342,
            "min": 0.0002080974306342,
            "max": 0.0002987706004097999,
            "count": 73
        },
        "ColorFinder.Policy.Epsilon.mean": {
            "value": 0.1693658,
            "min": 0.1693658,
            "max": 0.19959020000000002,
            "count": 73
        },
        "ColorFinder.Policy.Epsilon.sum": {
            "value": 0.1693658,
            "min": 0.1693658,
            "max": 0.19959020000000002,
            "count": 73
        },
        "ColorFinder.Policy.Beta.mean": {
            "value": 0.00693964342,
            "min": 0.00693964342,
            "max": 0.009959060980000002,
            "count": 73
        },
        "ColorFinder.Policy.Beta.sum": {
            "value": 0.00693964342,
            "min": 0.00693964342,
            "max": 0.009959060980000002,
            "count": 73
        }
    },
    "metadata": {
        "timer_format_version": "0.1.0",
        "start_time_seconds": "1769949194",
        "python_version": "3.9.25 (main, Nov  3 2025, 22:44:01) [MSC v.1929 64 bit (AMD64)]",
        "command_line_arguments": "D:\\applications\\Anaconda3\\envs\\mlagents\\Scripts\\mlagents-learn config/color_config.yaml --run-id=ColorRun01 --force",
        "mlagents_version": "0.30.0",
        "mlagents_envs_version": "0.30.0",
        "communication_protocol_version": "1.5.0",
        "pytorch_version": "2.7.1+cu118",
        "numpy_version": "1.21.2",
        "end_time_seconds": "1769951062"
    },
    "total": 1867.8275571,
    "count": 1,
    "self": 0.006520600000158083,
    "children": {
        "run_training.setup": {
            "total": 0.09371870000000015,
            "count": 1,
            "self": 0.09371870000000015
        },
        "TrainerController.start_learning": {
            "total": 1867.7273177999998,
            "count": 1,
            "self": 2.9052973999853293,
            "children": {
                "TrainerController._reset_env": {
                    "total": 10.4258845,
                    "count": 1,
                    "self": 10.4258845
                },
                "TrainerController.advance": {
                    "total": 1854.2053101000147,
                    "count": 154071,
                    "self": 2.993994999977531,
                    "children": {
                        "env_step": {
                            "total": 1715.534327900006,
                            "count": 154071,
                            "self": 1216.8304843000042,
                            "children": {
                                "SubprocessEnvManager._take_step": {
                                    "total": 496.2289115999931,
                                    "count": 154071,
                                    "self": 10.037650799969356,
                                    "children": {
                                        "TorchPolicy.evaluate": {
                                            "total": 486.19126080002377,
                                            "count": 154028,
                                            "self": 486.19126080002377
                                        }
                                    }
                                },
                                "workers": {
                                    "total": 2.474932000008634,
                                    "count": 154070,
                                    "self": 0.0,
                                    "children": {
                                        "worker_root": {
                                            "total": 1854.9167484000193,
                                            "count": 154070,
                                            "is_parallel": true,
                                            "self": 799.165134200035,
                                            "children": {
                                                "steps_from_proto": {
                                                    "total": 0.018087400000000642,
                                                    "count": 1,
                                                    "is_parallel": true,