{
    "name": "root",
    "gauges": {
        "3DBall.Policy.Entropy.mean": {
            "value": 1.376348614692688,
            "min": 1.376348614692688,
            "max": 1.376348614692688,
            "count": 1
        },
        "3DBall.Policy.Entropy.sum": {
            "value": 176.17262268066406,
            "min": 176.17262268066406,
            "max": 176.17262268066406,
            "count": 1
        },
        "3DBall.Step.mean": {
            "value": 91969.0,
            "min": 91969.0,
            "max": 91969.0,
            "count": 1
        },
        "3DBall.Step.sum": {
            "value": 91969.0,
            "min": 91969.0,
            "max": 91969.0,
            "count": 1
        },
        "3DBall.Policy.ExtrinsicValueEstimate.mean": {
            "value": 6.87348747253418,
            "min": 6.87348747253418,
            "max": 6.87348747253418,
            "count": 1
        },
        "3DBall.Policy.ExtrinsicValueEstimate.sum": {
            "value": 6.87348747253418,
            "min": 6.87348747253418,
            "max": 6.87348747253418,
            "count": 1
        },
        "3DBall.IsTraining.mean": {
            "value": 1.0,
            "min": 1.0,
            "max": 1.0,
            "count": 1
        },
        "3DBall.IsTraining.sum": {
            "value": 1.0,
            "min": 1.0,
            "max": 1.0,
            "count": 1
        }
    },
    "metadata": {
        "timer_format_version": "0.1.0",
        "start_time_seconds": "1769877071",
        "python_version": "3.9.25 (main, Nov  3 2025, 22:44:01) [MSC v.1929 64 bit (AMD64)]",
        "command_line_arguments": "D:\\applications\\Anaconda3\\envs\\mlagents\\Scripts\\mlagents-learn 3DBall.yaml --run-id=test8 --resume",
        "mlagents_version": "0.30.0",
        "mlagents_envs_version": "0.30.0",
        "communication_protocol_version": "1.5.0",
        "pytorch_version": "2.7.1+cu118",
        "numpy_version": "1.21.2",
        "end_time_seconds": "1769877087"
    },
    "total": 15.891040899999998,
    "count": 1,
    "self": 0.007876299999997727,
    "children": {
        "run_training.setup": {
            "total": 0.08874769999999987,
            "count": 1,
            "self": 0.08874769999999987
        },
        "TrainerController.start_learning": {
            "total": 15.7944169,
            "count": 1,
            "self": 0.009132100000021737,
            "children": {
                "TrainerController._reset_env": {
                    "total": 10.9667449,
                    "count": 1,
                    "self": 10.9667449
                },
                "TrainerController.advance": {
                    "total": 4.6729145999999755,
                    "count": 478,
                    "self": 0.008721899999999394,
                    "children": {
                        "env_step": {
                            "total": 4.5984126999999795,
                            "count": 478,
                            "self": 3.3294762999999428,
                            "children": {
                                "SubprocessEnvManager._take_step": {
                                    "total": 1.2630566000000574,
                                    "count": 478,
                                    "self": 0.03332030000009922,
                                    "children": {
                                        "TorchPolicy.evaluate": {
                                            "total": 1.2297362999999581,
                                            "count": 478,
                                            "self": 1.2297362999999581
                                        }
                                    }
                                },
                                "workers": {
                                    "total": 0.0058797999999793404,
                                    "count": 477,
                                    "self": 0.0,
                                    "children": {
                                        "worker_root": {
                                            "total": 6.978378600000003,
                                            "count": 477,
                                            "is_parallel": true,
                                            "self": 4.099979999999988,
                                            "children": {
                                                "steps_from_proto": {
                                                    "total": 0.0004524999999997448,
                                                    "count": 1,
                                                    "is_parallel": true,
                                                    "self": 0.00017509999999987258,
                                                    "children": {
                                                        "_process_rank_one_or_two_observation": {
                                                            "total": 0.0002773999999998722,
                                                            "count": 2,
                                                            "is_parallel": true,
                                                            "self": 0.0002773999999998722
                                                        }
                                                    }
                                                },
                                                "UnityEnvironment.step": {
                                                    "total": 2.877946100000015,
                                                    "count": 477,
                                                    "is_parallel": true,
                                                    "self": 0.03533639999999494,
                                                    "children": {
                                                        "UnityEnvironment._generate_step_input": {
                                                            "total": 0.03337829999999187,
                                                            "count": 477,
                                                            "is_parallel": true,
                                                            "self": 0.03337829999999187
                                                        },
                                                        "communicator.exchange": {
                                                            "total": 2.712769800000016,
                                                            "count": 477,
                                                            "is_parallel": true,
                                                            "self": 2.712769800000016
                                                        },
                                                        "steps_from_proto": {
                                                            "total": 0.09646160000001203,
                                                            "count": 477,
                                                            "is_parallel": true,
                                                            "self": 0.04373529999999981,
                                                            "children": {
                                                                "_process_rank_one_or_two_observation": {
                                                                    "total": 0.052726300000012216,
                                                                    "count": 954,
                                                                    "is_parallel": true,